client_id,name,email,date_of_birth,country,account_balance
1,Sara Wilson,hdixon@example.com,1945-11-16,Central African Republic,19347.33
2,Mrs. Kathy Olson,hernandezkristy@example.com,1988-07-08,Nauru,48769.95
3,Peter Wright,olsonmatthew@example.com,1946-05-05,Madagascar,42041.4
4,Monica Strickland,rodriguezterri@example.com,2001-12-04,British Virgin Islands,41190.36
5,Carol Turner,melissa62@example.com,1985-10-02,Suriname,38069.59
6,Janet Bates,dennishelen@example.com,1980-07-28,Gibraltar,26528.85
7,Anthony Russell,xfisher@example.net,1979-01-21,Norway,12494.78
8,Michael Vasquez,tasha75@example.net,1975-02-22,Saudi Arabia,31685.31
9,Teresa Torres,andrew88@example.net,1988-06-15,Albania,32959.38
10,Rhonda Lopez,whansen@example.org,1958-09-22,Zambia,14062.49
11,Alison Roman,umartin@example.com,2000-11-02,Trinidad and Tobago,6027.49
12,Elizabeth Mann,elizabethhernandez@example.com,2005-06-12,Malta,37746.9
13,Jamie Allen,gregorymckenzie@example.com,1945-04-20,Cyprus,39198.16
14,Joseph Patel,wardallison@example.com,1965-06-09,Dominica,29971.87
15,Brenda Boone,xcannon@example.com,1983-08-02,New Zealand,4013.04
16,Robin Little DDS,floresrachel@example.net,1953-07-27,British Virgin Islands,21940.45
17,Jane Perez,patriciacastillo@example.org,1979-05-08,Korea,46034.47
18,Steven Smith,caseynancy@example.com,1966-03-04,Malaysia,48941.58
19,Alex Lewis,whitemargaret@example.com,1956-01-25,Haiti,20054.19
20,Bethany Jones,brian54@example.org,1984-11-06,Guatemala,22778.99
21,Erin Anderson,sortiz@example.net,1996-06-02,Micronesia,17437.81
22,Dr. Ricky Russell PhD,nicole30@example.com,1971-10-28,Mongolia,31305.98
23,Michael Williams,hmoore@example.com,1959-05-24,Niger,3370.36
24,Andrea Mcclure,molinakatherine@example.net,1966-01-04,Italy,1435.24
25,Patricia Moreno,ryanmallory@example.com,1982-08-09,Puerto Rico,4107.55
26,Joseph Banks,ashleyherrera@example.com,1995-04-19,Dominican Republic,5747.95
27,Kara Spencer,kimberlyaustin@example.net,1996-12-05,Mongolia,34997.16
28,Andrea Mcintosh,udurham@example.net,1989-12-13,Finland,35394.89
29,Paul Ingram,turnernathan@example.org,2001-02-21,Ethiopia,26879.72
30,Michael Thomas,eugene01@example.com,1948-07-03,Armenia,15711.26
31,Aaron Short,hillmatthew@example.net,1997-11-30,Bahrain,45632.45
32,Tina Casey,kimjustin@example.net,1961-09-03,Belgium,28571.32
33,Jared Foley,mariah62@example.net,2001-10-24,Nicaragua,31698.51
34,Sherry Smith,latoya03@example.com,1955-04-17,Nauru,16269.56
35,Brianna Hernandez,charles93@example.net,1971-11-09,United States Virgin Islands,18919.56
36,Heather Carr,millerlarry@example.org,1972-01-11,Suriname,9719.97
37,Mrs. Morgan Smith,allenlisa@example.com,1964-06-27,Lebanon,30107.78
38,Jacob Dawson,amanda66@example.net,1955-03-21,Micronesia,43316.84
39,Donna Moore,jessicaharrington@example.org,1998-05-15,Mayotte,15654.41
40,Katie Smith,krista81@example.org,1959-08-14,Cyprus,49540.46
41,Jeremiah Wood,alyssanorris@example.com,1973-12-19,Brazil,23460.02
42,Selena Perry,wangwilliam@example.com,1975-12-08,Mauritius,30865.41
43,Amanda Carrillo DVM,mbenitez@example.org,1959-01-09,Puerto Rico,41184.76
44,Rebecca Coleman,kaylamartinez@example.net,1994-05-06,Cyprus,18152.89
45,George Smith,miguelstrong@example.org,1989-07-23,Argentina,11195.04
46,Jacqueline Olson,ataylor@example.com,1954-12-26,San Marino,2750.14
47,John Wang,millerzachary@example.org,1951-11-23,Monaco,25810.82
48,Scott Peterson,davidhiggins@example.net,1993-12-23,Bahrain,18082.06
49,Amber Coleman,bfoster@example.com,1980-06-04,Marshall Islands,9120.57
50,Patrick Payne,dcooper@example.org,1968-12-09,Antarctica (the territory South of 60 deg S),28591.53
51,Ryan Schneider,camerongomez@example.net,1984-11-09,Colombia,38431.71
52,Randall Phillips,john72@example.org,1947-02-12,Bulgaria,4218.72
53,Stephanie Ramsey,qcarter@example.net,1974-12-19,Netherlands,28656.94
54,Keith Harris,emilyhenry@example.net,1999-04-25,Mali,19156.72
55,Anna Hill,ivan90@example.com,1955-03-28,Guinea-Bissau,42838.47
56,Tabitha Garcia,holderdavid@example.org,1965-05-06,French Guiana,44831.88
57,Patricia Bauer,angelaobrien@example.org,1968-05-23,United Arab Emirates,7844.95
58,Joanne Johnson,ijones@example.org,1963-04-11,Bermuda,14015.07
59,Jeffery Foster,burnssheila@example.org,1981-01-14,Faroe Islands,12000.7
60,Tracy White,jharrell@example.org,1970-01-12,Micronesia,6447.09
61,Tonya Mcclure,fjackson@example.net,1958-03-31,Ghana,32587.59
62,Jason Kirk,ryanfields@example.com,1974-10-06,Jamaica,20547.47
63,Gregory Anthony,zmerritt@example.org,1964-03-27,Western Sahara,21500.79
64,David Ramirez,hamiltonrichard@example.org,1959-02-07,Israel,5791.8
65,Margaret Johnson,david18@example.org,1978-07-18,North Macedonia,40503.84
66,Latoya Jones,inunez@example.net,1972-11-22,Armenia,37842.66
67,Miguel Moss,cwarren@example.com,1975-02-11,Iceland,18311.0
68,Eric Spencer,gainesanthony@example.org,1995-11-14,Netherlands,26532.32
69,Nancy Perez,phelpsmichele@example.net,1968-10-03,Lesotho,40629.76
70,Steven Brown,kaitlyn20@example.com,1945-07-16,Saint Barthelemy,20716.3
71,Gregory Holmes,shayes@example.org,2005-11-09,Sri Lanka,16635.96
72,Cindy Baker,wardkristen@example.com,1960-08-13,Nauru,41373.34
73,Jill Soto,leechase@example.net,1984-09-26,Armenia,12479.78
74,Dakota Grant,sloanamber@example.com,1960-12-31,Tonga,22704.92
75,Robin Vasquez,xray@example.com,1996-11-29,Djibouti,16088.75
76,Elizabeth Johnson,washingtonkatelyn@example.com,1946-01-08,Cameroon,42402.36
77,John Trevino,blake59@example.net,1979-11-13,Holy See (Vatican City State),21769.42
78,Tiffany Gomez,zbowman@example.org,1977-05-15,Lesotho,13023.27
79,Nicholas Rocha,monica57@example.org,1993-08-11,Gibraltar,23403.55
80,Jill Ruiz,simsgregory@example.net,1964-04-22,Lesotho,5462.57
81,Erin Vang,paulshort@example.org,1985-09-21,Saint Barthelemy,15070.67
82,Jennifer Camacho,suarezmarvin@example.com,1953-10-02,China,32029.61
83,Megan Romero,thomasmichael@example.com,1960-07-16,Mauritania,18077.32
84,Ryan Salas,gillmichael@example.org,1967-07-18,Bangladesh,12956.85
85,Bobby Caldwell,rebeccachristensen@example.org,1944-08-08,Rwanda,25014.25
86,Jennifer Blankenship,sheila15@example.org,2000-07-01,Spain,23111.38
87,Miranda Taylor,marylawrence@example.com,2006-01-05,Seychelles,18880.29
88,Michael Myers,bryantspencer@example.com,1982-10-18,China,1923.14
89,Samuel Johnson,michelleatkinson@example.com,1979-07-16,Mexico,3080.48
90,Mark Green,hwhite@example.net,1997-03-04,San Marino,3524.37
91,Deborah Schroeder,jeffrey70@example.com,1985-06-27,Bouvet Island (Bouvetoya),42257.47
92,Nicole Mills,jimenezalexandra@example.net,1952-05-14,Moldova,2992.13
93,John Fuller,burnettchristina@example.com,1967-12-21,Gibraltar,21811.07
94,Chad Hill,williamsoto@example.com,2002-11-26,Chile,12518.24
95,Melinda Ortiz,jefferymartin@example.com,1972-07-08,Saudi Arabia,40455.24
96,Deanna Mcintyre,beckjoel@example.net,1960-11-09,Uganda,11447.77
97,Joseph Shelton,aaronwarner@example.net,1974-03-04,Zambia,8064.7
98,Jasmine Romero,bradleymichael@example.net,2005-11-11,Swaziland,26251.15
99,Cindy Brown,tamarawalker@example.com,1964-07-25,North Macedonia,26934.52
100,Paul Landry,allenamy@example.net,1976-05-27,Mozambique,23584.44
101,Joyce Sanders,ntran@example.net,1954-03-21,Kuwait,35313.39
102,Emily Daniel,underwoodmatthew@example.net,1953-05-02,Libyan Arab Jamahiriya,9221.07
103,Jamie Bowman,ricardopittman@example.net,1962-09-30,Indonesia,21922.17
104,Daniel Sosa,gkelley@example.com,1979-05-13,Somalia,34837.82
105,Joel Mills,hoffmansteve@example.net,1982-12-11,Gibraltar,10029.44
106,Tina Pearson,marysmith@example.org,1961-01-28,Mali,16445.97
107,Mackenzie Allen,nbright@example.net,1982-03-25,Germany,33975.08
108,Nathaniel Joseph,williamcontreras@example.org,1992-03-25,Swaziland,32764.77
109,Amanda Hunter,jdeleon@example.com,1954-07-12,Svalbard & Jan Mayen Islands,8728.52
110,Sarah Vazquez,jared61@example.org,1948-06-16,Slovakia (Slovak Republic),27577.13
111,John Miller,benjaminmueller@example.net,1975-11-10,Cyprus,21877.31
112,Kenneth Le,wrightwendy@example.net,1952-05-12,Argentina,8958.81
113,Daniel Smith,hughesjames@example.com,1945-05-23,Algeria,36209.03
114,Amanda Davis,wthompson@example.net,1966-08-29,New Caledonia,24637.79
115,Derrick Gonzalez,victoriaramirez@example.com,1955-03-02,Djibouti,47929.42
116,Willie Howard,patriciabean@example.org,1951-01-17,British Virgin Islands,19700.87
117,Colleen Mendoza,uray@example.org,1952-12-29,Reunion,45169.73
118,Hayley Kaiser,dawsonmiranda@example.org,2005-08-15,Kiribati,44908.16
119,Rachel Flores,lindseygonzalez@example.com,1944-01-08,Costa Rica,17442.91
120,Veronica Sawyer,fneal@example.com,2005-08-02,Monaco,11380.42
121,Sean Mercado,keithwilliams@example.net,1960-04-20,Ireland,1302.67
122,Curtis Howard,brendapowell@example.net,1972-12-01,Micronesia,21498.18
123,Lauren Schneider,mahoneybecky@example.net,1952-05-28,Belarus,5176.5
124,Amy Reyes,colinatkins@example.com,1990-11-17,Austria,47884.23
125,Heather Taylor,davidwise@example.org,1946-09-06,Paraguay,6206.88
126,Kristina Elliott,zroberson@example.com,1960-07-05,British Virgin Islands,23262.58
127,Jennifer Vaughan,pattersonmatthew@example.com,1981-04-02,Afghanistan,42371.8
128,Jason Harris,heather45@example.net,1963-03-09,Saint Vincent and the Grenadines,48027.94
129,Michael Lang,valenciasamantha@example.com,1951-06-06,Equatorial Guinea,17975.86
130,Michelle Dickerson,sarahwall@example.com,1981-08-20,Mauritius,4416.46
131,Jonathan Jones,nicolemeadows@example.net,1985-11-28,Australia,37563.69
132,Lindsay Martinez,freemansamuel@example.net,1973-11-28,Saint Vincent and the Grenadines,48501.89
133,Adam Moore,brownrichard@example.com,1944-12-22,Burkina Faso,3888.6
134,Cathy Carter,bernard41@example.com,1961-05-05,Grenada,48125.03
135,Henry Shaffer,larsonharry@example.net,1947-08-05,Iraq,20127.15
136,Mr. John Jordan MD,henrybrian@example.org,1977-09-27,Fiji,30556.67
137,Joshua Berry,eolson@example.org,1947-12-07,Burkina Faso,7934.27
138,Jeanne Roberts,jessicasmith@example.org,1953-07-13,Martinique,37923.93
139,Jacob Powell,frankpowell@example.com,1963-10-31,Puerto Rico,35040.87
140,Pamela Lawrence,catherinehobbs@example.net,2001-12-02,French Southern Territories,12606.82
141,Brittany Short,xstone@example.net,1995-03-05,Haiti,21542.2
142,Alexander Burns,robert91@example.com,1966-11-04,Netherlands,8436.82
143,Megan Johnson,kochspencer@example.net,1994-05-06,Luxembourg,7137.37
144,Steven Mathis,patrick24@example.org,1953-12-11,Nigeria,16486.08
145,Tyler Taylor,flowerskaren@example.com,1950-05-10,Western Sahara,32351.64
146,Kyle Alexander,qbennett@example.org,1973-03-23,Lebanon,7383.79
147,Kimberly Diaz,martinmason@example.org,1971-08-14,Saint Martin,35969.71
148,Stephanie Burke,savannahkennedy@example.net,1980-05-31,Nigeria,18190.51
149,Matthew Baird,sarahwang@example.org,1999-09-07,Turks and Caicos Islands,29226.4
150,Kimberly Gutierrez,kyle65@example.com,1977-01-04,Mali,24741.48
151,Kim Ellison,olsenchristina@example.org,1944-07-15,Tonga,6936.52
152,Jonathan Beltran,nelsonmichael@example.org,1992-03-11,Cape Verde,8747.82
153,William Raymond,angelasanders@example.com,1999-06-13,Anguilla,11596.89
154,Nancy Sanchez,stephaniecantrell@example.org,1965-02-24,Japan,13235.65
155,Jeremy Hughes,corey26@example.net,1988-06-09,Saint Barthelemy,44211.98
156,Jennifer Callahan,john84@example.org,1981-09-24,Finland,42235.54
157,Nichole Murray,lunajamie@example.com,1985-04-16,Palau,12497.88
158,Christopher Collins,iphillips@example.com,1944-07-04,Lao People's Democratic Republic,27682.38
159,Melissa Olson,james99@example.net,1987-01-08,Norfolk Island,25016.29
160,Samuel Austin,maryzavala@example.org,1959-07-02,Tonga,9119.69
161,Kyle Morgan,mirandakline@example.com,2005-06-06,Antarctica (the territory South of 60 deg S),18050.78
162,Jonathan Conner,triciadavis@example.com,1974-06-22,Canada,1376.2
163,Michael Cook,farmermichelle@example.net,1987-10-28,Mozambique,14977.14
164,Cheryl Reynolds,adam34@example.net,1977-07-06,Oman,6443.61
165,Crystal Bates,elizabeth02@example.net,2000-01-04,Hungary,1216.56
166,Matthew Riddle,denisegarcia@example.org,1965-09-14,Malta,43115.28
167,Breanna Delacruz,richardthompson@example.net,1950-10-10,Uganda,34882.02
168,Zachary West,howelljohn@example.com,1996-07-02,Brazil,27917.45
169,Alyssa Bruce,irhodes@example.com,1990-05-12,Thailand,24315.25
170,Monica Orozco,millermichael@example.com,1960-10-31,Dominica,21671.23
171,Sylvia Wright,jeffrey78@example.com,1994-12-09,Saint Kitts and Nevis,6129.11
172,Walter Poole,stephengutierrez@example.net,1984-03-19,Tokelau,30700.95
173,Charles Lopez,joe35@example.com,1976-03-19,Tonga,45060.39
174,James James,danielmoore@example.org,1945-03-05,Saint Vincent and the Grenadines,38835.63
175,Robert Franklin,andrewruiz@example.org,1952-04-21,Liechtenstein,49964.1
176,James Maldonado,terrymichael@example.org,2003-07-10,Suriname,49497.32
177,Kevin Hughes,heather48@example.net,1945-05-04,Turkey,43237.29
178,Gregory Brennan,vbush@example.com,1955-05-16,Georgia,7395.69
179,Daniel Turner,nguyentara@example.com,1963-07-21,Sweden,13748.26
180,Cindy Compton,mayocolin@example.com,1977-04-20,French Polynesia,36946.01
181,Tammy Zimmerman,jennifergomez@example.org,1953-05-07,Guernsey,12964.16
182,Joseph Davis,johnsoncraig@example.org,1997-03-18,Switzerland,14411.85
183,Miss Catherine Valentine,daniel58@example.com,1944-12-23,Thailand,9461.41
184,Michelle Rogers,michael05@example.org,1981-08-31,Norfolk Island,27545.14
185,Kristen Adams,qmartinez@example.org,1972-01-22,Aruba,33627.27
186,Katie Roberts,burkecraig@example.net,1966-11-09,Sri Lanka,27632.72
187,Leon Smith,brandon65@example.org,1945-11-07,Micronesia,10953.91
188,Tammy Joyce,kellymeghan@example.com,1957-10-09,Tunisia,6138.07
189,Ashley Benton,garciatheresa@example.org,1978-11-28,Holy See (Vatican City State),2450.06
190,Alexander Griffith,nmiller@example.net,1948-12-29,North Macedonia,47909.55
191,Gina Rodriguez,estradadiana@example.com,1994-12-23,Bermuda,27383.42
192,Heather Tran,julie50@example.com,1946-04-14,Spain,29554.2
193,James Rodriguez,robert94@example.org,1971-01-10,Venezuela,5675.06
194,Maria Haynes,jimenezjasmin@example.com,1973-01-12,Saint Helena,31656.34
195,Jon Smith,hbrewer@example.net,1973-02-03,Croatia,6210.67
196,Shaun Haynes,murrayjustin@example.com,2002-06-10,Hungary,40740.15
197,James Miller,anne88@example.org,2005-02-17,Tajikistan,49198.35
198,Alexandra Dixon,pattersondarren@example.com,1982-11-27,Afghanistan,27715.31
199,Andrew Joseph,cruzdarryl@example.com,2003-01-26,United Arab Emirates,6089.59
200,Mary Ellis,johnsonjohn@example.net,2002-07-20,Belize,34970.85
201,Sandra Lee,cpayne@example.org,1955-01-01,Jamaica,43185.65
202,Kimberly Schmidt,greenenicole@example.com,1950-12-04,Grenada,27373.35
203,Dr. Brian Duncan,uoconnell@example.com,1967-06-23,Oman,2298.77
204,Brenda Hart,luis48@example.net,1989-06-11,Bulgaria,3229.58
205,Kenneth Miller,dbryant@example.com,1963-05-09,Saint Helena,42543.85
206,Bruce Collins,wrightpeter@example.net,1945-02-15,New Caledonia,6342.08
207,Heather Jones,tony59@example.com,1989-05-23,Northern Mariana Islands,13119.44
208,Catherine Valdez DDS,brittany95@example.net,1991-09-26,British Virgin Islands,17491.35
209,Christopher Warren,parkermelissa@example.net,1961-06-05,Vanuatu,12049.07
210,Patrick West,madams@example.net,1985-07-11,French Guiana,46507.17
211,Anthony Torres,melissa42@example.net,1975-02-28,Cocos (Keeling) Islands,28354.78
212,Jaime Gentry,laurahenderson@example.com,1968-03-21,Martinique,38087.81
213,Patricia Ware,sydneyshaw@example.net,1999-07-31,Slovakia (Slovak Republic),30818.78
214,Nicholas Norris,katherine32@example.com,2005-05-06,Belarus,1764.44
215,Michael Williams,cgonzalez@example.org,1944-10-05,United States Virgin Islands,18954.27
216,Mark Walker,webbbryan@example.org,1988-03-18,British Virgin Islands,20131.33
217,Darryl Jordan,kleach@example.com,1979-07-31,Afghanistan,17129.03
218,Toni Brown,vincentsanders@example.org,2003-12-18,Taiwan,21250.04
219,Jordan Allen,samuelfritz@example.org,1985-03-25,Guadeloupe,4617.03
220,Gabriella Mitchell,isingh@example.org,1957-11-17,Turkey,12543.17
221,Sandy Reid,campbellheather@example.net,1952-11-17,Korea,4315.1
222,Hunter Richardson,djohnson@example.com,1977-10-15,Cape Verde,11218.51
223,Laura Green,allisonpoole@example.org,1990-03-02,Ukraine,6770.9
224,Jesse Cortez,zharrell@example.org,1992-11-15,Falkland Islands (Malvinas),20821.72
225,Brandi Thornton,dyoung@example.com,1964-07-17,Mozambique,25236.48
226,Alejandra Garner,michaeldavis@example.com,1949-01-20,Benin,42879.31
227,Norma Phelps,markfernandez@example.net,1956-03-12,United Arab Emirates,27226.53
228,Ethan Kramer,chad07@example.com,1944-06-20,Bahrain,49236.5
229,Brandy Collins,ellischeryl@example.org,1983-07-16,Slovenia,16392.3
230,Calvin Moody,sarahgray@example.org,1950-01-18,Lebanon,11843.28
231,Brittney Fields,washingtonbill@example.net,1985-03-05,Vietnam,20981.74
232,Richard Tran,spencer38@example.com,2000-06-05,Cook Islands,43300.62
233,Jennifer Adams,alexander09@example.net,1949-06-14,Uganda,32279.35
234,Debra George,matthewrodriguez@example.net,1985-08-02,American Samoa,21392.46
235,Daniel Lara,amymedina@example.com,2003-06-11,Guernsey,7800.77
236,Nicholas Smith,jennifermartin@example.org,1987-08-17,Guernsey,29270.93
237,Amy Nguyen,mcarter@example.net,1974-12-02,Bosnia and Herzegovina,23253.01
238,Jesse Wright,vramirez@example.com,1985-03-25,Congo,7684.01
239,Michael Torres,timothyford@example.org,1997-06-24,Belgium,35386.26
240,Johnathan Franklin,hernandezchad@example.com,1975-04-06,Papua New Guinea,44144.89
241,John Klein,nancy22@example.com,1951-06-02,Lebanon,28319.3
242,Amber Thompson,joshuahall@example.org,1967-07-20,Austria,13665.35
243,Donald Foster,bethwilliams@example.org,1950-08-14,Trinidad and Tobago,6466.78
244,Angelica Dickerson,jamestami@example.net,1991-03-17,Panama,25232.84
245,Jeffrey Cain,harold67@example.com,1987-07-11,Vanuatu,22108.39
246,Christopher Ramos,tanyahester@example.com,1984-05-12,Jordan,16285.47
247,Matthew Doyle,kathryn11@example.org,2004-04-10,Greece,32597.06
248,Kendra Khan,jefffisher@example.com,1966-08-23,Cambodia,22567.18
249,Ana Barker,matthewcooper@example.net,1946-08-16,Greenland,12014.03
250,Jennifer Cox,zsimmons@example.org,1985-06-16,Belize,39822.61
251,Faith Sanchez,alexa85@example.com,1950-02-18,Estonia,7821.44
252,Jeffrey Reynolds,vargassherry@example.net,1992-06-07,Montserrat,37297.31
253,Ryan Walters,ricky58@example.net,1977-10-13,Egypt,12311.51
254,Beth Chang,uoconnell@example.com,1952-03-16,Mexico,27375.09
255,Tracy Calderon,kellersheryl@example.com,1984-08-24,Gabon,25380.01
256,Stephanie Reynolds,maryparker@example.com,1950-12-15,Nigeria,38585.85
257,Ronald Marquez,debbiespencer@example.net,1998-02-21,Greece,5851.18
258,Amanda Ashley,aramos@example.net,1995-08-24,Timor-Leste,35543.13
259,Daniel Martin,fphillips@example.net,1990-11-01,French Southern Territories,21660.03
260,Susan Dawson PhD,brenda81@example.com,1978-06-26,Jordan,22453.25
261,Mrs. Jody Wilson,michellemckay@example.org,2003-05-30,Russian Federation,40716.31
262,Laura Hawkins,kenneth06@example.com,1964-03-11,Malta,43833.75
263,Laura Young,donald38@example.net,1988-12-03,Croatia,6265.32
264,Scott Davis,jasmine69@example.com,1960-03-25,Nauru,16650.83
265,Bradley Clark,christopher50@example.org,1978-04-20,Cayman Islands,16393.74
266,Jonathan Mcbride,jeffreyfreeman@example.net,1953-07-29,France,42359.3
267,William Jones,megan35@example.net,1961-11-05,South Georgia and the South Sandwich Islands,10083.22
268,Jordan White,yjacobs@example.net,1980-11-04,Guinea-Bissau,4310.51
269,Kevin Holt,bryanchristopher@example.net,1984-06-10,Ethiopia,22840.99
270,Bobby Wright,reginaldsawyer@example.com,1978-12-29,American Samoa,11429.1
271,Robert Williams,freyanne@example.org,1997-11-15,Saint Kitts and Nevis,1685.61
272,Matthew Holland,benjamin40@example.com,1970-03-22,Norway,25926.27
273,Cheryl Nash,shannonflores@example.org,1994-11-02,Morocco,44718.8
274,Justin Gonzalez,jenniferevans@example.com,1993-01-24,Rwanda,33268.5
275,Danny Douglas,sean75@example.org,1952-04-10,Bahrain,19782.42
276,Sarah Simon,parkluis@example.org,2002-11-13,Zimbabwe,35527.71
277,Kenneth Schmidt,christopher51@example.org,2002-07-19,Colombia,3653.64
278,Brandon Maddox,william60@example.net,1972-01-09,Palau,43762.52
279,Lori Fields,deborahlittle@example.org,1965-03-15,Saint Helena,47457.04
280,Sabrina Shaw,crystal38@example.com,1987-07-26,Azerbaijan,1931.52
281,Garrett Johnson,hhoward@example.org,1989-08-02,British Indian Ocean Territory (Chagos Archipelago),16263.56
282,Haley Whitaker,rvillanueva@example.net,2001-08-04,Hungary,40844.56
283,Jennifer Butler,timothynunez@example.org,1968-06-20,Northern Mariana Islands,42383.19
284,Thomas Thompson,andrew82@example.net,1966-06-14,Nauru,7318.14
285,Adam Williams,kathyclarke@example.net,1961-04-26,Lithuania,49782.92
286,Adam Jones,imurray@example.org,1991-09-03,South Georgia and the South Sandwich Islands,33829.7
287,Crystal Cooper,kwallace@example.org,1958-09-04,Turkey,34376.57
288,Samuel Knox,kathleen82@example.net,1957-08-08,Marshall Islands,47448.13
289,Frank Lozano,evan07@example.org,1950-06-14,Canada,17203.74
290,Deborah Allen,edward33@example.net,1956-08-18,Greece,1127.31
291,Gina Green,andrew00@example.net,1957-04-12,Marshall Islands,40934.43
292,Alicia Zimmerman,wsteele@example.org,2000-08-21,Finland,38245.54
293,Kimberly Edwards,ywall@example.org,2004-05-18,British Indian Ocean Territory (Chagos Archipelago),27419.5
294,Jeanette Fox,johnschwartz@example.org,1977-11-05,Paraguay,15190.21
295,Dr. Diane Jensen,marywilliams@example.com,1971-09-16,Montserrat,29158.01
296,Maria Harrison,laura81@example.org,1977-02-20,Dominican Republic,37889.54
297,Joseph Boyle,vharvey@example.net,1976-10-04,Sweden,13177.72
298,Bryan Washington,gutierrezmiranda@example.com,1953-12-03,Cook Islands,13356.32
299,Anne Phillips,mdunlap@example.net,1967-10-28,Hong Kong,44355.22
300,Thomas Warner,alexiskeller@example.net,1979-08-16,French Guiana,47787.24
301,Derek Compton,andrew95@example.net,1962-08-20,Pitcairn Islands,33018.96
302,Kristen Schultz,lmitchell@example.com,1976-01-29,Romania,46868.0
303,Christopher Harmon,garzamatthew@example.com,1969-04-15,Russian Federation,17136.2
304,Bryan Thomas,michael06@example.com,1974-09-21,Reunion,36758.35
305,Tony Murphy,brenda71@example.org,1959-03-07,Albania,8978.19
306,Brian Nichols,jjames@example.com,1943-12-06,United States Virgin Islands,1989.28
307,Ashley White,jamie88@example.com,1983-05-04,Liechtenstein,26538.39
308,Melanie Hall,clarkluis@example.net,1983-02-02,Grenada,5605.45
309,Matthew White,brookskevin@example.net,1951-08-19,Palestinian Territory,20267.44
310,Amy Lowe,jamesgibson@example.org,1983-01-10,Mexico,2045.77
311,Mr. Gregory Mendoza DVM,alicia53@example.com,1974-11-05,Belarus,44196.99
312,Dennis Durham,alisonburke@example.com,1966-10-15,El Salvador,36588.14
313,Alyssa Martin,igates@example.org,1980-12-12,Swaziland,32954.83
314,Victor Holland,john26@example.net,1945-07-13,Chad,33837.82
315,Abigail Oconnell,brianfuentes@example.org,1986-08-24,Russian Federation,44516.34
316,Candace Gray,patrick70@example.com,1953-03-18,Indonesia,47718.32
317,Elizabeth Harris,daniel97@example.net,1967-03-10,Burundi,8603.23
318,Brian Brown,hhall@example.net,1980-03-01,Kenya,2314.07
319,Brad Harrington,phillipsedward@example.org,1982-02-24,Chad,22302.58
320,Michael Perez,ymeadows@example.net,1989-10-16,Croatia,36431.47
321,Kristen Brown,morrisbenjamin@example.net,1988-03-17,Samoa,13793.78
322,Benjamin Fisher,zamoraveronica@example.org,1951-05-03,Uzbekistan,32710.83
323,Melissa Scott,michaelburgess@example.org,1988-04-02,Trinidad and Tobago,5672.0
324,Donna Maynard,stephen29@example.org,1962-02-03,Egypt,15180.44
325,Jennifer Pratt,xcollins@example.net,1954-12-24,Gambia,3959.95
326,Tracy Smith,laura09@example.net,1996-03-13,Bulgaria,31027.99
327,Joshua Huffman,gregorystanley@example.org,1955-05-17,Angola,49756.64
328,Dylan Lee,iross@example.com,1951-03-25,Bulgaria,33826.48
329,Crystal Gonzalez,vchurch@example.org,1954-01-23,Kyrgyz Republic,15029.61
330,Michael Nelson,sarahhiggins@example.com,1956-11-15,Cocos (Keeling) Islands,25421.14
331,Ian Watts,davisjason@example.org,1983-09-15,Australia,37861.64
332,Stephanie Bradshaw,william92@example.com,2001-05-18,Yemen,46358.87
333,Rachel Hurst,morganlauren@example.net,1956-09-09,Benin,11244.95
334,Rhonda Rodriguez,millerjohn@example.com,1969-06-08,Cameroon,39729.28
335,Patrick Garcia,jeff93@example.org,1993-11-03,Myanmar,24810.43
336,Sarah Decker,gnorton@example.org,1970-12-08,Swaziland,16823.08
337,Lauren Fowler,josevincent@example.net,1962-02-08,Namibia,28493.29
338,Christopher Benitez,christophercharles@example.com,1945-10-05,Zambia,39438.81
339,Matthew Schmidt,theresa81@example.com,2003-07-24,Syrian Arab Republic,39272.36
340,Robert Schmidt,njones@example.org,1956-11-11,Rwanda,12613.78
341,Shelby Herrera,briana41@example.org,1972-09-13,Burundi,14961.34
342,Nathaniel Burns,kaylalarson@example.net,1972-03-07,Luxembourg,3978.29
343,April Fisher,bryan59@example.org,1956-04-06,Saint Lucia,9509.68
344,Cynthia Johnson,matthewperez@example.com,1959-02-14,Oman,3889.85
345,Robert Chambers,lynn57@example.org,2004-06-09,Burundi,1336.61
346,Ms. Stephanie Lopez DDS,barronerin@example.org,1955-02-05,Vietnam,2981.54
347,Allison Pope,mduncan@example.com,1976-01-25,Mozambique,38776.23
348,Megan Moreno,michael76@example.com,1998-05-10,Solomon Islands,8250.87
349,Jeremiah Andrews,victorgeorge@example.net,1981-11-24,Tonga,17797.95
350,Vanessa Barr,imack@example.net,1949-05-04,Vanuatu,12246.63
351,Jason Brooks,nicole08@example.com,1951-06-04,Switzerland,30576.86
352,Juan Armstrong,lsimmons@example.org,2006-06-27,Gibraltar,15691.54
353,Alexander Hicks,andrewrogers@example.org,2004-10-01,Belarus,12234.23
354,Joe Cummings,ljacobs@example.org,1961-02-17,Somalia,48405.24
355,Christopher Hoffman,herbertlopez@example.net,1963-09-02,Jamaica,49996.54
356,Shelly Collins,brianrose@example.org,1992-12-14,Svalbard & Jan Mayen Islands,15414.4
357,Christopher Gray,houstonraymond@example.org,1974-03-18,Saint Vincent and the Grenadines,47948.34
358,Erica Acosta,david47@example.org,1965-11-02,Bahrain,48474.29
359,Tina Garcia,jacobnelson@example.com,2004-04-29,Cayman Islands,30707.78
360,Janice Bradley MD,rwilson@example.org,1968-10-18,Estonia,40512.14
361,Justin Gray,jsnyder@example.net,1951-03-13,Morocco,39923.44
362,Allen Aguilar,melinda44@example.net,1958-06-24,Switzerland,25052.1
363,Rodney Smith,kreyes@example.org,1949-01-16,Timor-Leste,7693.19
364,Corey Michael,nbarber@example.org,1989-08-25,Mozambique,32975.77
365,Mark Baker,timothy83@example.org,1964-12-21,Korea,15265.58
366,Amy Frost,grace75@example.com,2003-10-05,Latvia,12646.6
367,Alice Aguilar,pamela12@example.org,1991-08-25,Jamaica,42636.97
368,Kevin Skinner,bonnie57@example.org,1955-05-08,Sudan,16421.99
369,Shelly Robinson,jeremyhowell@example.com,1998-04-08,Anguilla,46914.83
370,Jeremiah Banks,ingramzachary@example.org,1975-07-02,Venezuela,6427.74
371,Anthony Barnes,henrynicole@example.com,1979-12-01,Costa Rica,37737.72
372,Robert Gallagher,wolfefelicia@example.com,2005-08-24,Reunion,25907.54
373,Rachel Jimenez,taylormark@example.com,1996-12-16,Bolivia,42308.6
374,Jaclyn Graham,brittanyjones@example.net,1968-04-23,Paraguay,24384.15
375,Julian Cross,irios@example.org,1983-05-28,Cambodia,17441.83
376,Francisco Mercado,donna75@example.org,1946-12-21,Malta,30422.89
377,Andre Richard MD,cabreradestiny@example.org,1978-11-21,Sierra Leone,2631.86
378,Nicholas Spencer,rosskatherine@example.net,2001-02-05,Somalia,8019.85
379,Stefanie Williams,fherrera@example.org,2005-02-24,Bangladesh,19083.6
380,Reginald Barry,karenmatthews@example.com,1994-04-29,United States of America,34379.76
381,Richard Jacobs,sergiobarnes@example.org,1981-03-07,Mexico,16584.68
382,Crystal Coffey,ealvarez@example.org,2000-12-03,Gambia,20117.23
383,Michael Parker,vdavenport@example.net,1985-10-18,Korea,12165.64
384,Justin Douglas,longjill@example.com,1982-06-02,Eritrea,36066.36
385,Vanessa Hernandez,corey74@example.org,1988-01-25,Western Sahara,20510.49
386,Alexandra Taylor,cantukristen@example.net,1956-12-14,Maldives,29024.24
387,Catherine Young,khenderson@example.com,1954-05-27,Turks and Caicos Islands,2451.49
388,John Ellis,catherine40@example.com,1952-03-05,Holy See (Vatican City State),47968.68
389,Donna Smith,pchavez@example.com,1984-10-12,Botswana,7708.4
390,Kathryn Heath,brittanymorgan@example.net,1962-05-06,Svalbard & Jan Mayen Islands,26705.91
391,Nicholas Newman,hvasquez@example.net,1962-10-23,Taiwan,48162.53
392,Steven Delgado,lisamerritt@example.net,1945-12-21,Russian Federation,21501.91
393,Mr. Thomas Kemp,whiteronald@example.com,1974-05-25,Ireland,44219.81
394,Sarah Wright,victoriaedwards@example.net,1968-10-09,Cyprus,39522.81
395,Kevin Wilson,zcox@example.com,2006-04-24,Jersey,5747.63
396,Sheryl Robinson,kimberlybautista@example.org,1969-11-26,Guam,32008.16
397,Julie Torres,philip15@example.net,1970-07-04,Armenia,27577.75
398,Andrew Taylor,gabriellee@example.net,1966-10-15,Benin,41913.3
399,Michael Young,msmith@example.com,1995-02-13,Northern Mariana Islands,24781.72
400,Thomas White,yatesaustin@example.net,1969-02-13,Lao People's Democratic Republic,37071.7
401,Michael White,ohumphrey@example.com,1998-05-05,Oman,19918.4
402,Tonya Hunt,chull@example.net,1957-03-17,Svalbard & Jan Mayen Islands,34271.87
403,Julie Butler,williebrown@example.com,2006-04-04,Cape Verde,24398.81
404,Rachel Williams,yushawn@example.net,1998-12-04,Cook Islands,43340.33
405,Mariah Turner,rachelosborn@example.org,1987-07-08,Moldova,27914.94
406,Stephanie Miller,larry76@example.com,1960-10-28,Saint Helena,3181.73
407,Jacqueline Cooper,matthewmurray@example.com,2006-06-01,Ecuador,44871.16
408,Peter Hernandez,xthompson@example.com,1948-04-26,Suriname,47955.17
409,Kelli Bowman,johnsonbrooke@example.org,1986-01-30,Micronesia,24551.13
410,Jake Rhodes,bowersshelly@example.net,1985-08-15,Panama,18030.27
411,Dustin Cooper,smithjason@example.com,1998-10-16,Anguilla,13375.01
412,Deborah Norris,vjordan@example.net,1973-03-07,Montserrat,31773.15
413,Curtis Perez,albertcallahan@example.net,1967-03-01,Seychelles,19791.84
414,Diane Avila,erik44@example.net,1978-09-14,Ecuador,40298.85
415,Terri Mendez,eileen43@example.net,1982-03-23,Latvia,42212.39
416,Catherine Brooks,vreyes@example.com,1949-03-22,Guam,1787.07
417,Tony Rogers,blove@example.com,1964-02-26,Sweden,26968.95
418,Erin Hardy,lucascook@example.org,1992-10-28,Antigua and Barbuda,47770.04
419,Brian Simmons,flynnmegan@example.net,1999-02-09,Cuba,37629.82
420,Mary Rodgers,kathleengates@example.com,1944-10-02,Portugal,22504.59
421,Michael Edwards,jill69@example.org,1998-10-16,Faroe Islands,7553.91
422,James Steele Jr.,turnersonya@example.com,1945-10-18,Bahamas,36582.4
423,Jessica Ramirez,jasonroman@example.org,1979-01-10,Syrian Arab Republic,4543.5
424,Tracy Simmons,clarkabigail@example.com,1945-10-14,Uganda,30421.08
425,Jennifer Salazar,garciaemily@example.com,1965-09-14,Korea,44410.59
426,Sherry Richardson,victoriawatson@example.com,1995-06-19,Saint Kitts and Nevis,45812.52
427,Curtis Finley,kenneth73@example.net,1995-10-09,Timor-Leste,1588.41
428,Robert Reed,justin56@example.com,1946-11-17,Seychelles,22141.89
429,Sharon Robertson,johnsonmark@example.net,1996-05-26,Northern Mariana Islands,37585.65
430,Daniel Cummings,paul37@example.net,1948-03-05,Czech Republic,17996.93
431,Teresa Mclaughlin,allencraig@example.com,1968-11-21,Netherlands,2826.07
432,Benjamin Henry,melissa07@example.org,1996-04-29,Syrian Arab Republic,43391.16
433,Diane Sullivan,nicole20@example.com,1973-11-09,Northern Mariana Islands,30142.99
434,Sean Dunn,vphillips@example.org,1954-07-14,Spain,46240.72
435,David Houston,christopherthompson@example.net,1980-01-02,China,41316.12
436,Martin Navarro,brian05@example.com,1976-01-24,Guinea-Bissau,39048.33
437,Christopher Roberts,joeldouglas@example.com,1995-11-18,Iraq,11490.72
438,Lisa Hardy,stephensderrick@example.org,1993-09-09,Montenegro,7357.42
439,Ann Lopez,kleinjackson@example.org,1974-08-18,Ecuador,47765.12
440,Troy Andrews,jamesjohnson@example.com,1973-07-27,Bhutan,36721.21
441,Michael Watson,wilkinsbrian@example.net,1987-05-06,United Arab Emirates,8931.48
442,Madison Phillips,bonnie91@example.net,1960-01-29,Saint Helena,48771.7
443,Cynthia Vargas,mariaturner@example.org,1985-05-26,Sri Lanka,41439.26
444,Tyler Edwards,edwardliu@example.com,1977-09-05,British Virgin Islands,33545.08
445,Christie Tucker,carrie27@example.net,1991-12-30,Nigeria,1223.38
446,Christopher Hernandez,ernest43@example.org,1952-09-21,Antigua and Barbuda,27840.72
447,Timothy Cameron,joannarobbins@example.net,2005-09-06,Romania,26943.57
448,James Ramirez,brewerkaren@example.org,2006-01-24,China,31704.09
449,Justin Carney,robertsonjason@example.net,1960-05-15,Cambodia,16036.79
450,Logan Mcdonald,jadams@example.net,1945-08-01,Mali,11116.08
451,Jaime Lee,sarawright@example.com,1993-12-30,Palau,35432.4
452,Ernest Vaughn DDS,hrodriguez@example.com,1961-04-15,Mexico,37195.93
453,Timothy Goodwin,vscott@example.net,1956-04-19,Netherlands Antilles,36346.27
454,Matthew Daugherty,nguyenthomas@example.com,1951-08-07,New Zealand,41917.45
455,Tiffany Jones,khughes@example.com,2005-09-08,Russian Federation,17108.13
456,Sara Rodriguez,nelsonmichael@example.org,2001-07-09,Cape Verde,2641.15
457,Kristina White,flyons@example.org,1967-06-07,India,9330.23
458,Beth Daugherty,donald46@example.org,1954-02-02,Nepal,34998.19
459,Heather Ryan,justin46@example.com,1952-12-08,Mauritius,1900.89
460,Jason Bass,loridavis@example.org,1980-01-15,American Samoa,16475.42
461,Andre Rodriguez,jaredmartinez@example.org,1949-03-23,New Caledonia,39920.07
462,Anne Harrison,qhunter@example.net,2000-07-07,Bolivia,11686.21
463,Denise Bell,vmoses@example.org,1949-08-11,Mongolia,23564.16
464,Brian Pham,elin@example.org,1990-11-22,Morocco,30785.44
465,Michele Gomez,tsmith@example.net,1972-01-16,Panama,10828.41
466,Michelle Cabrera DDS,russellsamantha@example.net,1958-01-14,Tanzania,38786.95
467,Nathan Smith,richardfry@example.org,2003-05-30,Kenya,19624.97
468,Austin Simmons,hthomas@example.com,1957-07-13,Argentina,9514.86
469,Amber Pierce,pereztaylor@example.com,1948-04-25,Djibouti,38747.59
470,John Berry,wmcclain@example.com,1986-02-04,Jamaica,36489.92
471,Carla Holloway,james08@example.net,1970-10-26,Cook Islands,13799.47
472,Nicholas Pineda,bradleyrobinson@example.org,1948-01-30,Guinea,5702.11
473,Maria Higgins,mpotts@example.com,1990-11-03,Northern Mariana Islands,22164.35
474,Kenneth Swanson,laurameyer@example.com,1959-11-03,Palau,36540.57
475,Jeremy Griffith,blanchardamy@example.net,1990-09-23,Belarus,15834.02
476,Jason Moore,samuelfoster@example.org,1980-06-21,Hong Kong,15599.64
477,Katherine Brown,glawson@example.com,1948-09-19,Thailand,40563.97
478,Holly Lewis,gregoryhenry@example.org,2001-06-09,Mauritania,15584.47
479,Gloria Gonzalez,dustingarza@example.net,1948-06-24,Falkland Islands (Malvinas),42920.31
480,Zachary Palmer,brenda84@example.net,1979-07-19,Thailand,47279.1
481,Jacob Sims,burnsbetty@example.net,1995-12-16,Montserrat,41360.83
482,Deanna Carroll,steven30@example.org,1997-04-01,New Caledonia,16652.97
483,Leslie Rodriguez,pattersonkelsey@example.net,1970-03-17,Yemen,28759.35
484,Lori Moran,njohnson@example.org,1950-04-08,Japan,41545.65
485,Sheila Roberts,xmorales@example.net,1969-08-02,Mauritania,31225.12
486,David Robertson,jacob94@example.net,1997-07-23,Angola,5676.79
487,Cindy Glover,vargasmegan@example.org,1977-06-10,Mongolia,18387.46
488,Joyce Nelson,diana04@example.org,1954-12-13,Bosnia and Herzegovina,41217.58
489,Jennifer Ward,rebeccawinters@example.net,2004-01-14,Malta,21295.47
490,Dr. Sharon Walker DDS,april00@example.com,2001-08-18,Sudan,17609.1
491,Jeffery Martinez,davidmcdonald@example.org,1963-03-13,Norfolk Island,22376.03
492,Daniel Griffin,toddjohn@example.org,1979-10-30,Liechtenstein,10986.77
493,Belinda Hayes,john35@example.net,1987-08-12,Latvia,8698.49
494,Penny Bowman,thomas65@example.org,1955-05-03,Greenland,2236.01
495,Shannon Terry,petersonkelly@example.org,1944-02-02,Northern Mariana Islands,47731.99
496,Andrew Kim,flowersscott@example.net,2006-06-16,Estonia,6815.38
497,Steven Lin Jr.,matthewevans@example.net,1966-12-02,Trinidad and Tobago,46761.15
498,Samantha Frost,angeladaniel@example.net,1979-02-20,Nauru,18809.63
499,Robert Turner,millerdaniel@example.net,1967-01-05,Argentina,22275.73
500,Sabrina Davis,elizabethpatterson@example.com,1980-08-13,Mexico,37449.29
501,Rachel Richards,michael55@example.net,1955-05-16,Sierra Leone,12085.51
502,Maria Mosley,montoyathomas@example.net,1964-08-07,Somalia,15684.87
503,Rachel Werner,larsonkristopher@example.com,1999-06-11,Pakistan,26325.66
504,Patrick James,michael17@example.com,1948-06-23,Czech Republic,47399.95
505,Andrew Cook,chapmandenise@example.org,1952-12-26,South Georgia and the South Sandwich Islands,29805.75
506,Eric Gutierrez,marilyn06@example.com,1999-09-26,Bahrain,35334.16
507,Craig Hall,ashaw@example.net,1967-03-21,Korea,11167.26
508,Jesus Ware,erikakelly@example.net,1960-01-21,China,31676.86
509,Mr. Michael Cantu II,zacharywarren@example.net,1994-06-08,Hungary,29473.41
510,Christopher Smith,brenda59@example.net,1959-02-26,Seychelles,6384.78
511,Mikayla Wolfe,mcdonaldcheryl@example.net,1966-04-15,Bulgaria,17963.58
512,Jessica Diaz,copelandmicheal@example.com,1947-03-06,Bahrain,40668.44
513,Casey Johnson,rodriguezvirginia@example.net,1959-10-09,Liechtenstein,6647.56
514,John Hubbard,brooke49@example.org,1978-05-04,United Arab Emirates,35597.88
515,Beverly Richards,simpsonrobert@example.org,1998-11-05,Norfolk Island,22803.32
516,Mrs. Michele Rodriguez DDS,qsparks@example.org,1963-05-23,Brazil,49986.21
517,Samantha Flores,kaitlin66@example.net,1999-08-18,Monaco,14548.88
518,Thomas Crawford,maureen58@example.com,1972-09-15,Macao,4530.69
519,Mr. Miguel Ibarra,snyderparker@example.net,2001-01-05,Egypt,34840.06
520,Patricia Richardson,suzanne43@example.org,1970-03-30,Cyprus,19583.01
521,Jessica Michael,anna72@example.org,2002-04-02,Malaysia,9901.21
522,Daniel Simmons,bellis@example.com,1972-03-08,Comoros,35893.38
523,Mr. Kevin Dickson,robbinssophia@example.net,2003-11-10,Senegal,20378.84
524,Wendy Yang,heather80@example.net,1946-05-03,Russian Federation,5652.24
525,Brenda Bradley,parkerpeter@example.net,1948-11-19,Kyrgyz Republic,45968.52
526,Thomas Cohen,oguerrero@example.org,1990-07-27,Greenland,12054.31
527,Scott Patel,frobbins@example.net,1972-10-18,Tanzania,2733.6
528,Michael Henderson,arnoldjoshua@example.net,1948-01-05,Malta,3897.24
529,Ruth Rodgers,umiller@example.net,1977-03-29,Congo,2379.78
530,David Adkins,ericksonjoe@example.net,1982-12-18,Bhutan,3116.95
531,James Russell,ashleysilva@example.com,1948-09-03,United States of America,37646.39
532,Joseph Rivera,alexandersullivan@example.net,1986-03-30,Kazakhstan,44160.84
533,David Smith,amoreno@example.org,1973-01-17,Vietnam,39708.19
534,Cory Cox,charles87@example.net,1945-11-07,Guinea-Bissau,48308.1
535,Emily Richardson,xknight@example.com,1954-01-03,Romania,47642.19
536,Ryan Cunningham,kellyjanice@example.com,2001-02-21,Brunei Darussalam,20812.7
537,Joshua Thomas,andersoncaleb@example.net,1999-02-21,Portugal,37850.2
538,Jason Scott,denisepittman@example.net,1955-03-18,Tonga,43406.86
539,Christina Hernandez,melissa03@example.net,1978-02-22,Maldives,23461.23
540,Rebecca Smith MD,beniteztroy@example.net,1958-07-19,Gibraltar,18141.47
541,Brandon Adams,wcurtis@example.com,1984-02-22,Kiribati,36763.49
542,Robert Deleon,grivas@example.com,1958-03-01,Hong Kong,31092.3
543,Debra Wright,robert98@example.com,1995-08-24,Nigeria,11804.42
544,Jonathan Brown,kimberlygonzalez@example.net,1976-03-24,Canada,28550.73
545,Gina Lloyd,carlanderson@example.net,1998-12-31,Slovakia (Slovak Republic),12592.41
546,Tim Mcdonald,allenbutler@example.com,1952-11-20,Luxembourg,42257.6
547,Wesley Shaw,edwardsrose@example.org,1975-04-06,Sweden,46301.32
548,Kevin Garza,calvinmueller@example.net,1983-12-01,Sao Tome and Principe,5649.3
549,Bradley Baldwin,william90@example.net,1975-08-27,Faroe Islands,3024.06
550,Jean Hudson,wwilliams@example.org,2001-07-16,Guinea,48858.49
551,Joseph Bradford,bmcdonald@example.com,1964-12-20,Cameroon,15833.4
552,Christy Lewis,robert62@example.org,1955-07-09,Syrian Arab Republic,5177.69
553,Rebekah Mitchell,melindawilson@example.net,1980-03-31,Jersey,36018.22
554,Ryan Garcia,jamieking@example.net,1989-06-17,Samoa,4152.84
555,Katherine Torres,ereyes@example.net,1971-01-14,Sudan,11805.56
556,Savannah Hardin,lewisdavid@example.org,1982-05-11,Gabon,40256.97
557,Lisa Carlson,kellyduran@example.com,1995-01-25,Afghanistan,21932.03
558,Lauren Phillips,jholden@example.org,2000-05-25,Saint Kitts and Nevis,6520.91
559,Elizabeth Marks,duransteven@example.net,1958-06-27,Cameroon,23061.51
560,Sandra Payne,xhouse@example.net,1967-05-21,Turks and Caicos Islands,49585.73
561,Lauren Cooper,wsanders@example.com,1963-12-17,Chile,33885.0
562,Hannah Flowers,xreynolds@example.net,2003-11-22,Brazil,38145.7
563,Whitney Clark,christopher21@example.net,1944-11-26,Zambia,10952.27
564,Yesenia Palmer,qhill@example.org,1954-12-17,Zimbabwe,25766.5
565,James Jackson,tanthony@example.org,1988-01-16,United States Minor Outlying Islands,9579.67
566,James Mercado,caitlinguerra@example.org,1954-04-11,Peru,5901.95
567,Kelly Jones,chad47@example.org,1962-04-29,Christmas Island,46070.58
568,Heidi Vazquez,rmills@example.com,1986-02-12,New Caledonia,40017.88
569,Heather Davis,ricardo40@example.net,1976-08-07,Peru,3050.53
570,Lauren Lozano,lisasanders@example.com,1964-01-30,Anguilla,8595.16
571,Melissa Stephens,kerry61@example.net,1965-03-19,Barbados,3725.41
572,Christine Lindsey,gary06@example.com,1964-12-29,Mongolia,4177.66
573,Kevin Blankenship,charlesbradford@example.net,1977-08-16,Latvia,26093.21
574,Joseph Martinez,aramirez@example.net,1983-06-29,British Indian Ocean Territory (Chagos Archipelago),45211.76
575,Jessica Obrien,ashley93@example.com,1995-06-01,Dominica,23439.83
576,Rebecca Rivera,jamie88@example.net,1976-09-07,Canada,44563.04
577,Kenneth Dunn,kevinthompson@example.com,1980-07-30,Syrian Arab Republic,46684.32
578,Rebecca Mckinney,devans@example.com,2005-06-23,United Arab Emirates,4921.92
579,Terry Fisher,brandonmartin@example.com,1975-02-18,Tanzania,27111.0
580,Melanie Barnes,ifisher@example.com,1956-11-02,Palestinian Territory,48437.55
581,Brian Larson,gthompson@example.net,1952-01-26,Sao Tome and Principe,29051.63
582,Teresa Rodriguez,jameskerri@example.org,1973-08-04,Cuba,46157.71
583,Andrew Morrow,barbara73@example.com,1965-10-21,France,26308.32
584,Stephanie Collier,fmcintyre@example.org,1945-08-14,Taiwan,42023.59
585,Jeffrey Evans,brittany13@example.org,2000-09-10,Trinidad and Tobago,2225.89
586,Jesse Jennings,maryharris@example.org,1988-10-20,Saint Kitts and Nevis,12030.79
587,Thomas Bruce,stonemary@example.org,1969-05-22,Chile,11882.26
588,Susan Larsen,rushchristian@example.com,1989-03-20,Timor-Leste,39119.73
589,Nathan Willis,russellheidi@example.com,1991-10-08,Myanmar,48247.44
590,James Dillon,meyersshannon@example.org,1978-09-22,Fiji,29376.42
591,Wesley Wiley,tammy85@example.com,1999-08-10,Cape Verde,24746.33
592,Gregory Green,adamsmarie@example.org,1956-02-05,Belize,25349.41
593,Elizabeth Wilson,brettpatterson@example.net,1965-01-15,Luxembourg,26895.58
594,Douglas Greene,alyssacox@example.com,1983-04-06,Kuwait,40023.43
595,Denise Harris,keithjessica@example.org,1991-09-16,Saint Pierre and Miquelon,18707.62
596,Ms. Angela Oneal,rodriguezcassandra@example.com,1977-09-01,Turks and Caicos Islands,31786.7
597,Michael Mcmillan,stokesoscar@example.org,1951-12-15,Iraq,40037.15
598,Brendan Jackson,bwatson@example.org,2004-01-23,Cuba,29488.26
599,Melissa Walker,jamesjohn@example.com,1987-10-23,French Polynesia,48958.13
600,Jennifer Ayala,ypark@example.org,1977-01-22,Nigeria,44581.63
601,Brandon Hicks,walshtracy@example.com,1961-07-14,San Marino,34648.57
602,Veronica Mays,ijones@example.net,1957-08-25,Burkina Faso,25187.1
603,Nicole Jones,nicoleford@example.com,1991-11-28,Israel,23041.76
604,Michael Castro,karellano@example.net,1976-07-24,Dominican Republic,15303.33
605,Alison Cox,ana17@example.com,1964-03-17,Liechtenstein,15336.1
606,Janice Meyer,adrianamorrison@example.org,1976-06-16,Saint Pierre and Miquelon,4026.72
607,Bethany Duncan MD,lucasjohn@example.com,2002-03-25,Singapore,43611.65
608,Robert Haney,mark92@example.org,1998-03-06,Saint Lucia,21295.98
609,Diana Reyes,ashley21@example.org,1964-01-23,Mongolia,42526.83
610,Shelia Hall,dhayes@example.com,1971-09-26,Korea,4551.47
611,Benjamin Miles,henry01@example.com,1974-04-19,Tuvalu,39460.49
612,John Adams,yjohnson@example.org,1949-11-01,Iran,47782.28
613,Michael Sanchez,donwilliams@example.org,1970-03-19,Pakistan,29214.24
614,Joseph May,amanda58@example.net,1957-03-11,Timor-Leste,17820.8
615,Gabrielle Young,luke53@example.net,1961-12-15,Honduras,22757.47
616,Michael Erickson,angelarivera@example.org,1946-01-29,Madagascar,30849.53
617,Kimberly Sanchez,gneal@example.org,1960-03-18,Malta,28592.83
618,Sarah Brown,benjaminevans@example.com,1958-01-31,Marshall Islands,41911.75
619,Darren Horton,mollytran@example.org,1964-11-20,Italy,20862.45
620,Matthew Allen V,sean85@example.com,1981-06-01,Indonesia,18420.33
621,John Hart,garydavis@example.com,1990-09-12,Argentina,29571.54
622,Jamie Miller,lopezisaac@example.net,2002-10-04,Dominica,32741.72
623,Anna Lopez,qjohnston@example.com,1971-10-01,Dominica,20318.53
624,Vicki Ward MD,carolmartinez@example.com,1973-05-06,Zambia,4068.03
625,Denise Wilkins,brenda69@example.com,1978-12-28,Azerbaijan,32024.99
626,Joshua Johnson,deborah49@example.org,1993-01-12,Gibraltar,22192.98
627,Kevin Rowland,eric70@example.com,1961-05-24,Nicaragua,8864.26
628,Debra Owens,jacobjohnson@example.net,1951-08-16,Uzbekistan,18952.38
629,Henry Reyes,michael81@example.net,1954-07-18,Mayotte,43607.21
630,Thomas Miller,gregory03@example.org,1957-11-13,Mali,22008.19
631,Jeffery Duncan,vbaker@example.org,1960-01-20,Mauritius,14059.32
632,John Taylor,adamnorton@example.org,1988-06-08,Christmas Island,49169.92
633,Jackie Sanchez,jrodriguez@example.net,1972-01-24,Paraguay,26998.25
634,David Griffith,heatherellis@example.com,1943-11-28,Brazil,15165.1
635,Brandon Smith,jonathan26@example.com,1958-04-16,Cambodia,35295.09
636,Christopher Hays,angelcrosby@example.org,1944-04-03,Vanuatu,20422.2
637,Kristin Johnson,hsmith@example.org,1975-05-09,Madagascar,26727.67
638,Mark Burgess,pmeyer@example.org,2000-11-06,Timor-Leste,37531.65
639,Terri Berry,iwilson@example.net,1975-10-31,British Indian Ocean Territory (Chagos Archipelago),8001.84
640,Brett Wright,kevinjohnson@example.org,1969-04-07,Paraguay,13909.73
641,Antonio Miller,courtney83@example.net,1987-12-29,Somalia,4482.3
642,John Allen,gibsonerin@example.com,1955-02-13,Falkland Islands (Malvinas),7917.34
643,Kathryn Hampton,robyn59@example.org,1995-11-14,Christmas Island,33557.67
644,Tina Mills,upowers@example.net,2006-06-13,Tanzania,12188.01
645,James Young,layers@example.net,1973-07-31,Spain,3707.57
646,Jonathan Jones,rmoran@example.com,1965-11-25,Armenia,40040.71
647,Malik Ramos,rodney57@example.com,1963-07-11,Sao Tome and Principe,15175.96
648,David Miller,gordonkatherine@example.com,1979-08-18,Cayman Islands,7507.4
649,Heather Howard,ritteramy@example.net,1945-05-09,Guinea-Bissau,30043.55
650,David Vazquez,blackjuan@example.net,1984-11-25,Iraq,20855.6
651,Emma Murphy,alexaprice@example.com,1998-06-03,Mexico,40507.29
652,Kevin Ayala,hessashley@example.com,2004-08-18,Myanmar,30516.57
653,Austin Sanchez,robertsoncynthia@example.net,1964-08-21,Poland,27772.89
654,Jeffery Parks,bethany86@example.net,1977-04-02,Cambodia,7022.83
655,Tyler Thompson,zmurray@example.com,1989-01-01,Israel,32687.44
656,Ashley Thompson,travis91@example.net,1993-07-25,Sri Lanka,5356.64
657,James Hutchinson,valdezelizabeth@example.com,1978-12-24,Kazakhstan,30844.67
658,Jane Ho,melissasmith@example.com,1999-04-08,Samoa,17074.12
659,Jennifer Medina,ortizedgar@example.org,1977-06-20,Heard Island and McDonald Islands,42348.41
660,Seth French,amitchell@example.org,1945-05-07,Taiwan,4822.17
661,Tina Walker,erinrichardson@example.net,1966-01-01,Mayotte,29815.28
662,Cathy Sherman,david03@example.com,1974-12-30,Solomon Islands,9202.65
663,Richard Long,ggilbert@example.com,1971-06-07,Bouvet Island (Bouvetoya),14559.6
664,Deborah Thomas,moralesmichael@example.net,1964-01-24,Guatemala,9161.45
665,Christopher Walker,obarr@example.org,1944-10-25,Libyan Arab Jamahiriya,20856.55
666,Anne Burke,ericgross@example.org,2000-03-10,Faroe Islands,17359.79
667,Mrs. Aimee Olson,sandersashley@example.com,1986-11-27,Greece,6964.96
668,Joshua Parsons,orowe@example.net,1986-10-31,Senegal,43445.65
669,Joshua Perez,clarkjoshua@example.org,1959-07-05,Equatorial Guinea,42156.7
670,Brian Winters,tcaldwell@example.org,1962-01-09,South Georgia and the South Sandwich Islands,19399.72
671,Destiny Castillo,imercado@example.net,1965-08-02,Antarctica (the territory South of 60 deg S),25001.19
672,Charles Reyes,markbutler@example.org,1965-01-26,Zambia,31512.21
673,Olivia Galloway,manuelfreeman@example.org,1956-08-15,Congo,9439.61
674,Elizabeth Gibson,qwilson@example.org,1958-03-21,Albania,9469.45
675,Paul Wells,bethwatson@example.com,1966-05-29,Gibraltar,41421.4
676,Patricia Allen,roberto91@example.com,1969-08-01,Vietnam,44777.7
677,Matthew Goodman,uweber@example.com,1993-01-26,Cuba,19239.84
678,Timothy Banks,jgill@example.net,1977-04-16,Philippines,32848.5
679,Christian Brown,jeffrey43@example.com,1949-04-10,Austria,44440.25
680,Mrs. Nicole Boyd,mathewallen@example.org,1966-04-04,Sweden,45780.01
681,Claire Hurley,travisallen@example.com,1960-05-24,Cyprus,28465.56
682,Carlos Taylor,lisa31@example.net,1948-06-16,Belize,8454.35
683,Nicole Martin,zachary03@example.net,1944-02-01,Saudi Arabia,19566.9
684,Jean Knight,smithmichelle@example.net,1944-10-29,South Africa,28418.64
685,Jamie Mason,robert17@example.org,1988-02-20,Kuwait,44172.44
686,Randall Anderson,wthomas@example.net,1975-04-20,South Africa,32777.06
687,Travis Ruiz MD,jefferyblair@example.com,1990-02-15,Djibouti,18258.61
688,Larry Martin,mooreanthony@example.org,1997-06-15,Algeria,21708.18
689,Tiffany Zuniga,amcintosh@example.org,1997-02-12,Uzbekistan,19654.64
690,Adam Gillespie,nklein@example.org,1951-09-29,Paraguay,48970.19
691,Donald Roth,wandasmith@example.com,1975-01-25,Cyprus,2813.53
692,David Johnson,ericablevins@example.net,1973-11-28,Mexico,1185.09
693,William Tucker,morrisbradley@example.net,1944-03-18,Botswana,11182.38
694,Jacob Kaiser,vmarsh@example.org,1973-04-09,Ireland,38833.06
695,Nicholas Wilson,maldonadojulia@example.net,1961-03-04,Micronesia,8985.65
696,Claire Little,williambishop@example.org,2006-08-26,Rwanda,21565.46
697,John Lane,annabryant@example.com,2004-07-18,Argentina,45757.7
698,Victoria Barton,markgray@example.org,1996-05-12,Bhutan,14388.98
699,Robert Mason,daviskathy@example.net,1956-10-02,Central African Republic,34318.58
700,Christine Peters,maria82@example.net,1950-10-28,Serbia,17739.58
701,Philip Robinson,matthewshannah@example.net,1945-01-20,Malaysia,43246.21
702,Dalton Holland,jonesdennis@example.com,2003-09-17,Ethiopia,5198.24
703,Brenda Fisher,vheath@example.org,1995-07-27,Sri Lanka,7060.5
704,Corey Jones,marysmith@example.org,1979-02-15,Taiwan,33347.28
705,Shawna Newton,ellenbarker@example.com,1953-06-13,Bermuda,3471.87
706,Travis Curtis,leerichard@example.org,1950-08-20,Yemen,31601.21
707,Travis Jones,rachel25@example.net,1969-07-17,Malaysia,8433.61
708,Bryan Bruce,williamsonamber@example.com,1974-01-03,Kyrgyz Republic,16360.37
709,Chris Winters,cmathews@example.org,1948-01-27,Bhutan,32865.02
710,Sara Gonzales MD,jpowers@example.net,1975-09-08,Brunei Darussalam,8771.75
711,William Mitchell,christine93@example.net,1976-06-12,Guam,45402.8
712,Jennifer Foster,hallcarmen@example.com,1971-05-07,United Kingdom,29775.81
713,Kimberly Howard,ddowns@example.com,1985-05-30,Denmark,8752.18
714,Megan Davis,stanley52@example.net,1977-08-13,Belgium,8914.44
715,Amber Clay,judithgray@example.com,1998-03-16,Guernsey,35608.67
716,Harold Miller,caseyirwin@example.org,1996-04-02,Serbia,4182.94
717,Richard Norton,amyleblanc@example.com,2006-01-03,Bangladesh,49356.67
718,Patrick Scott,erikturner@example.net,1979-10-03,Mayotte,19537.47
719,Andrea Graves,qmcgee@example.com,1947-05-22,French Guiana,32459.45
720,Jeremy Kane,robertdavis@example.com,2004-03-29,Congo,16662.83
721,Sarah Carson,abowman@example.net,1946-09-10,San Marino,28749.73
722,Jennifer Cuevas,iwilliams@example.net,1981-06-02,Guinea-Bissau,25400.19
723,Erin Wright,sharoncurry@example.net,1948-09-22,Saint Helena,37872.55
724,Meghan Peterson,brendasavage@example.org,1946-01-26,Austria,22126.7
725,Samantha Hampton,urodriguez@example.org,1994-06-13,French Polynesia,49162.19
726,Michael Jones,erikadams@example.net,1955-07-11,Belarus,49584.99
727,Jennifer Fisher,tyrone66@example.net,1959-09-12,Belgium,13128.8
728,James Garcia,patrick69@example.com,1947-06-14,Bhutan,3574.92
729,Annette Morris,jeffrey33@example.com,1947-11-13,Congo,41655.53
730,Aaron Le,mollysharp@example.org,1960-09-08,Bermuda,2224.07
731,Connie Chavez,leeangela@example.org,1981-03-09,Saint Martin,20933.1
732,Faith Patterson,bushmelissa@example.net,1947-01-14,Georgia,49704.23
733,Steven Taylor,vaughnjessica@example.com,1945-12-16,Hungary,33197.37
734,Kellie Fitzgerald,hunterwilkins@example.net,1956-11-10,Korea,3649.8
735,Megan Walker,davidbrown@example.com,2002-04-11,Vanuatu,34235.49
736,Michael Flores,tracimclean@example.org,1988-05-07,Mexico,47604.91
737,Joseph Everett,nielsenchristine@example.org,1986-05-22,Guinea,24892.53
738,Miranda Dennis,pamelapeck@example.org,2003-05-11,Anguilla,28707.02
739,Robert Brown,michael03@example.com,2000-09-24,Madagascar,43472.1
740,Jeffrey Daniels,christian84@example.net,1969-03-23,Gambia,24275.51
741,Keith Ellis,rsmith@example.com,1957-08-16,Turkmenistan,22348.61
742,Christopher Arnold,yoderkimberly@example.org,1953-10-17,Portugal,38334.51
743,Tiffany Rivas,wandathompson@example.net,2006-06-09,Mexico,37025.57
744,David Romero,diana93@example.com,1994-12-15,Bulgaria,12218.63
745,Monica Morgan,smithlouis@example.org,2006-07-25,Uganda,4005.0
746,Mark Patrick,xsmith@example.com,2006-01-11,Iran,46785.84
747,Candice Frederick,joycedennis@example.net,1969-08-29,Malawi,2227.64
748,Travis Reynolds,ortizchristopher@example.com,1963-12-02,Nicaragua,8129.36
749,Yvette Butler,devincampbell@example.org,1967-06-05,Romania,47461.74
750,Curtis Flowers,iperez@example.org,1972-04-04,Bolivia,44974.1
751,Eric Coleman Jr.,hatkinson@example.org,1955-11-11,Latvia,2153.06
752,Jennifer Johnson,martin96@example.org,1985-03-11,India,46311.06
753,Carol Williams,brett47@example.org,1964-12-28,Mayotte,46562.63
754,Bridget Garcia,tiffanymoore@example.net,2006-03-19,Turkmenistan,31001.94
755,Nicole Campbell,njensen@example.net,1960-08-14,Greece,24804.97
756,Ricardo Bush,dhubbard@example.net,1982-03-16,Sri Lanka,40679.42
757,Jennifer Giles,jaredreyes@example.com,1964-02-24,Iceland,34279.98
758,Gregory Young,douglaslewis@example.com,1955-11-02,Grenada,16220.12
759,Justin Bishop,parrishian@example.net,1953-06-14,Ireland,36874.55
760,Elizabeth Fernandez,morrisonmichael@example.org,2004-07-06,Papua New Guinea,24985.58
761,Claudia Cunningham,antonio80@example.net,1945-05-08,Austria,23587.06
762,Todd Anderson,ewashington@example.net,1958-01-18,Saint Kitts and Nevis,28520.74
763,Steve Davis,fross@example.net,1977-01-04,Portugal,10373.69
764,Nicole Arroyo,clarkchristopher@example.org,1952-10-12,Venezuela,49436.02
765,David Davis,ydiaz@example.net,1989-10-03,Niue,4736.6
766,Olivia Key,ydiaz@example.net,1970-10-03,Georgia,36855.21
767,Barry Thompson,christian35@example.net,2001-03-09,Denmark,38983.71
768,Tracy Perez,medinajames@example.com,1991-01-12,Guadeloupe,18782.47
769,Shawn Hunt,perryrobert@example.com,2002-01-04,Guam,5015.18
770,Stephanie Sanchez,cfrank@example.org,1987-10-28,Switzerland,19446.13
771,Paul Williams,millersarah@example.org,1958-02-14,Panama,39213.17
772,Tracy Lynch,ericwillis@example.org,1969-05-10,Kazakhstan,46618.54
773,George Anderson,deborah28@example.net,1960-04-08,Belize,23794.7
774,Holly Smith,josephyoung@example.org,1958-06-20,Brazil,26043.64
775,Timothy Rice,lesliebooth@example.com,1973-03-02,Benin,47706.62
776,Kenneth Montgomery,sheppardrobert@example.com,1970-11-01,Afghanistan,6096.23
777,Bryan Snyder,steelebradley@example.org,1991-04-19,Saint Martin,16306.93
778,Heidi Reese,christineellis@example.net,1954-09-12,Saudi Arabia,37706.0
779,Joseph Mora,isaacbrooks@example.com,1969-06-19,Saint Kitts and Nevis,37982.28
780,Anthony Johnson,clarkdenise@example.org,1957-05-30,Tokelau,38048.03
781,Valerie Lamb,pmcpherson@example.net,1966-12-30,Netherlands,45627.08
782,Nathan Jordan,bishoprobert@example.net,1956-01-04,Japan,4342.76
783,Crystal Brown,ewhite@example.com,1951-06-04,South Africa,43709.91
784,Mary Murray,jenniferpark@example.net,2004-10-06,Greenland,32113.38
785,Joanna Vasquez,travis05@example.org,1982-06-12,Swaziland,41995.68
786,Brittney Barton,karinamay@example.net,1965-05-06,Saint Lucia,20817.57
787,Priscilla Carpenter,thompsonjames@example.org,1968-09-02,Guinea,24470.22
788,Stacy Johnson,justin92@example.net,1947-07-27,Jamaica,27200.67
789,Debra Nelson,melissaskinner@example.com,2000-06-12,Mozambique,22723.85
790,Randy Smith,lindsay32@example.com,1957-03-29,Mali,46836.16
791,Phillip Taylor,fharris@example.org,1969-12-28,Cuba,18104.39
792,Douglas Bentley,estradaryan@example.net,1980-11-03,Christmas Island,7579.46
793,Alicia Scott,daniel34@example.org,1966-12-16,Marshall Islands,10172.53
794,Debbie Garcia,steeledana@example.org,1954-09-10,Malawi,26563.97
795,Kelsey Everett,gwells@example.net,1985-04-06,Bangladesh,27578.85
796,Yolanda Evans,arieltownsend@example.com,1975-09-27,Liechtenstein,22718.87
797,Richard Brooks,vedwards@example.net,1946-11-12,Argentina,31626.55
798,Erin Boyd,xyoung@example.org,1993-06-18,Yemen,15166.52
799,Thomas Johnson,simmonsjames@example.net,1958-04-07,Vietnam,13326.59
800,Kevin Martin,josemckinney@example.org,1971-07-15,Spain,11023.29
801,Heather Mclaughlin,ywilson@example.net,1970-10-30,Austria,16258.32
802,Brian Garcia,jacobvance@example.net,1956-10-19,Nigeria,27588.43
803,Dana Turner,johnhayes@example.net,1948-11-24,Namibia,3792.0
804,George Phillips,leemegan@example.com,1948-03-04,Timor-Leste,36835.25
805,Daniel Archer,collinsbrian@example.org,2001-11-14,Puerto Rico,10952.64
806,Sheila Ibarra,tmonroe@example.com,1972-03-02,New Zealand,42811.82
807,Kathleen Allen,ewise@example.net,1977-05-03,Estonia,39626.75
808,Joy Baxter,robinsonshawn@example.org,1983-12-01,Jersey,4649.54
809,Alexander Brown,shannon20@example.org,1984-02-28,Bolivia,6342.52
810,Melanie Carpenter,diamondgarcia@example.org,1964-01-30,Slovenia,6611.83
811,Timothy Watkins,avilajohn@example.net,1965-07-24,Solomon Islands,41981.9
812,Sandra Carroll,xallen@example.org,1951-03-11,Malaysia,43130.26
813,James Smith,troyberg@example.net,1958-05-24,Turkmenistan,44004.66
814,James Hernandez,oferguson@example.com,2001-02-15,Namibia,24896.76
815,Courtney Thompson,kstewart@example.org,1969-04-05,Central African Republic,29426.03
816,Thomas Foster,xwoods@example.org,1992-09-22,Saint Lucia,2287.53
817,April Alvarez,melissa70@example.org,1967-06-03,Vanuatu,33468.34
818,Kevin Hogan,susan34@example.net,1974-10-15,Lithuania,10880.6
819,Gregory Grant,ymurray@example.org,1987-12-13,El Salvador,47642.16
820,Lance Little,andrea43@example.org,1979-08-19,Luxembourg,13941.1
821,Gwendolyn Snyder,amy61@example.com,1996-07-27,San Marino,25196.07
822,Jessica Young,logan68@example.com,2000-10-21,Rwanda,11210.09
823,Glenn Davis,margaret13@example.net,1997-05-05,Australia,10009.58
824,Laura Daniel,joshua32@example.net,1982-06-15,Korea,2419.35
825,Dean Garcia,hmeadows@example.com,2006-06-02,Cuba,38031.4
826,Shannon Perry,jamesnovak@example.com,1993-07-15,Greece,9093.98
827,Ryan Castro,markwilliamson@example.net,1945-03-04,Denmark,11568.68
828,Anthony Mcdaniel,gwilliams@example.com,1952-03-29,Seychelles,32144.71
829,Patricia Lynch,kleach@example.org,1981-08-03,Suriname,16014.69
830,Cassidy Cameron,nzimmerman@example.net,1970-06-28,British Indian Ocean Territory (Chagos Archipelago),24211.73
831,April Garrett,lopezjames@example.net,1950-04-16,Djibouti,49177.64
832,Willie Burgess,wrightjonathan@example.org,1958-12-12,Congo,22893.54
833,Jenny Hanson,thomas29@example.com,1980-05-30,Qatar,26472.22
834,Karen Norris,rhill@example.com,1992-10-20,Kyrgyz Republic,2228.43
835,Jamie Hill,molinaandrew@example.net,1995-02-21,Tunisia,15265.51
836,Desiree Douglas,beardsharon@example.com,1960-08-23,Gibraltar,40564.19
837,Alicia Sanchez,kevin28@example.com,1964-11-21,Liberia,6448.9
838,Tracy Clark,smithmichael@example.com,1986-04-05,Slovakia (Slovak Republic),34923.13
839,Martha Holmes,luis81@example.com,2001-03-09,Haiti,12567.82
840,Billy Booker,chankyle@example.org,1967-07-01,Chile,25917.51
841,Katherine Smith,jleblanc@example.net,1948-08-31,Ghana,48551.59
842,Paul Levy,gloria46@example.com,1950-06-24,Kenya,31377.09
843,Chad Edwards,robert83@example.net,1982-12-12,Oman,44372.0
844,Jennifer Murphy,blackwellgabriela@example.com,1997-12-29,Pakistan,46307.71
845,Jamie Jenkins,hshannon@example.com,1944-08-14,Romania,32779.43
846,Melanie Clark,christopherdunlap@example.net,1969-04-28,Guatemala,45711.17
847,Stephanie Palmer,andrewdavidson@example.org,1998-10-13,Somalia,25177.08
848,Michael Bowman,cmunoz@example.net,2003-06-23,Denmark,27105.99
849,Laurie Nelson,kenneth23@example.com,1981-11-01,South Africa,19556.09
850,Jesse Castillo,mattheworr@example.org,1976-04-13,Denmark,21568.81
851,Christine Hart,sheatracy@example.net,1960-08-04,Argentina,32118.03
852,Deborah Caldwell,estradaaaron@example.org,1983-11-18,Uganda,35013.57
853,Philip Jordan,bakerrachel@example.net,1949-05-30,Kuwait,15600.79
854,Meghan Rogers,danielolson@example.com,1998-05-23,Wallis and Futuna,14980.77
855,Christopher Miller,jeffreyhughes@example.org,1949-11-29,Madagascar,31979.78
856,Carlos Harris MD,donald58@example.net,1957-03-24,Saint Pierre and Miquelon,2355.86
857,Kimberly Jones,nicoleparrish@example.net,1958-04-04,Belgium,27210.82
858,Jeremiah Kelley,andrew02@example.net,1952-01-12,Tanzania,21307.78
859,Lori Figueroa,smithholly@example.net,1974-08-15,Kenya,7261.31
860,Anna Singleton,cwyatt@example.org,1966-04-02,American Samoa,14241.3
861,Katherine Bell,millermadeline@example.net,1945-12-20,Western Sahara,40986.81
862,Melissa Green,wilsonashley@example.com,1956-06-05,United States Minor Outlying Islands,30434.72
863,Michael Wood,kirksharon@example.com,1969-09-20,Sudan,36012.97
864,Carrie Morales,nalvarado@example.com,1971-06-06,Marshall Islands,13396.68
865,Kim Hoffman,amanda22@example.com,1964-09-21,Cyprus,18098.89
866,Sheryl Cabrera,katherinedunn@example.net,1997-12-05,Cameroon,4847.72
867,Amy Myers,hwhite@example.org,1961-12-26,Cameroon,20455.0
868,Ashley Valdez,joseph85@example.com,1970-11-15,Japan,26514.58
869,James Young,tdelacruz@example.com,1972-10-22,Brazil,28462.65
870,Rhonda Taylor,dawn95@example.org,1984-10-08,Guadeloupe,18812.21
871,Christy Morgan,hwilliams@example.net,1963-08-19,Spain,42347.99
872,Elizabeth Malone,martineztracie@example.net,1963-10-05,Morocco,24438.2
873,Susan Clark,gregory72@example.com,1997-02-04,Portugal,13859.71
874,Aaron Russo,theresa47@example.com,1967-03-30,Malta,41828.69
875,Sonya Huynh,daniellemorris@example.net,2005-07-20,Colombia,3869.46
876,Melvin Sanchez,cruzjulie@example.net,2005-12-26,Zimbabwe,43466.17
877,Ronald Brock,debra73@example.com,1944-12-17,Slovakia (Slovak Republic),34426.04
878,Amanda Briggs,kevin44@example.org,1972-05-24,Rwanda,18553.7
879,Dr. Michael Foster,marywilliams@example.net,1997-04-12,Northern Mariana Islands,45241.31
880,Darrell Baker,zachary27@example.com,1964-09-22,Saudi Arabia,32608.29
881,Michael Ewing,erin57@example.net,1958-03-16,Saint Pierre and Miquelon,30363.23
882,Christopher Farmer,jhoward@example.org,2002-05-16,Macao,40826.84
883,Christopher Pearson,harrisonkim@example.net,1990-01-05,Maldives,27080.51
884,Jodi Ward,ppacheco@example.org,1971-03-11,Azerbaijan,23766.66
885,Joel Garrison,jordanbailey@example.net,1978-12-18,United Kingdom,18421.18
886,Jennifer Gonzales,paige78@example.org,1977-05-19,Croatia,46033.86
887,Jason Bernard,nicholas22@example.net,1998-09-20,Sweden,40487.14
888,Denise Stone,stevewalker@example.net,1990-04-30,Puerto Rico,14985.38
889,Brittany Moore,fblevins@example.com,1960-02-02,Estonia,2878.51
890,Brandon Black,lindseywise@example.com,1996-01-19,Liechtenstein,8641.64
891,Elizabeth Robinson,amanda68@example.net,1954-09-22,Monaco,47336.89
892,Gregory Jones,brianna21@example.org,1972-01-22,Sudan,36078.78
893,Samantha Lewis,eserrano@example.net,1980-01-04,Martinique,16467.51
894,Michelle Jackson,jonathan15@example.com,1950-07-25,Falkland Islands (Malvinas),32717.65
895,Christopher Fischer,albertbryan@example.org,1984-10-10,Ghana,11335.29
896,Kimberly Young,carolyn34@example.net,1944-08-18,Belgium,27203.89
897,Judith Brock,rachel63@example.com,1969-12-04,Qatar,22665.79
898,Charles Graham,danderson@example.org,2002-08-04,Portugal,11002.24
899,Rachel Wilson,jgarcia@example.net,2004-11-09,Bosnia and Herzegovina,40633.65
900,Mr. Michael Landry,lbarry@example.com,1985-02-12,North Macedonia,46939.96
901,Beth Tucker,powellpaul@example.net,2001-02-18,Mozambique,5287.03
902,Danielle Kelley,coreyallen@example.net,1987-03-14,Timor-Leste,33618.56
903,Veronica Moore,randall71@example.com,1995-05-21,New Caledonia,3492.4
904,Lisa Alvarado,ginaburton@example.org,1969-07-14,Dominica,47938.37
905,Robert Graves,brichard@example.net,1975-03-06,Sierra Leone,4527.86
906,Kaitlyn Barker,donnapatrick@example.com,1966-05-15,Mauritius,3715.46
907,Patrick Hamilton,johnsondonald@example.org,1966-03-28,Monaco,17144.74
908,Zoe Carlson,jenniferbush@example.net,2003-02-05,Oman,19068.66
909,Rebecca Garcia,kbell@example.com,1986-04-23,Germany,15611.95
910,Rebekah Jacobs,catherinearellano@example.com,1960-03-27,Nicaragua,24553.97
911,Dr. Shannon Sanford MD,heather00@example.net,1945-12-21,Eritrea,30089.44
912,Katherine Spencer,hurstamber@example.net,1984-06-17,Korea,31624.71
913,Teresa Byrd,kmiranda@example.org,1967-05-20,French Guiana,33319.08
914,Nathan Deleon,amanda28@example.com,1951-08-20,Seychelles,14584.65
915,Brent Anderson DDS,dustin79@example.com,1971-07-25,Oman,25652.16
916,John Smith,lauren99@example.com,1949-10-27,Comoros,29637.07
917,Brian Smith,jenniferchavez@example.org,1946-11-06,Thailand,1816.81
918,Thomas Singh,erichernandez@example.org,1983-05-07,Cambodia,39300.86
919,Frederick Potter,joshua86@example.org,1985-07-11,Trinidad and Tobago,10119.56
920,Keith Hardy,gwells@example.net,1995-10-22,Nauru,37600.29
921,Andrea Miller,psmith@example.net,1951-07-24,Uruguay,46423.32
922,Matthew Bates,seanholland@example.com,1973-01-07,Peru,27180.21
923,Caroline Sanchez,davidbutler@example.net,1981-05-13,Gibraltar,2431.13
924,Sara Martin,wmartinez@example.com,1975-04-23,Lithuania,28936.91
925,Ian Ward,tonyastanley@example.org,1979-12-04,French Southern Territories,36403.04
926,John Gutierrez,megan54@example.org,1969-06-20,Myanmar,11436.03
927,Justin Gibbs,russopaul@example.net,1990-06-06,Ethiopia,15872.75
928,Karen Medina,laurie12@example.com,1994-05-13,Mongolia,12773.97
929,Karen Dunn,brucejohnson@example.net,1999-07-24,El Salvador,30618.42
930,Erica Larson,angela70@example.org,1962-02-13,Montserrat,46921.03
931,Karen Silva,olivia04@example.net,1991-10-25,Vietnam,21766.89
932,Sydney Webb,james79@example.org,1979-08-06,Iceland,25161.48
933,Timothy Williams,jonathanklein@example.com,2003-06-18,Cambodia,41376.26
934,Gina Fernandez,robert22@example.org,1994-09-04,Yemen,46624.91
935,Jessica Copeland,lorianderson@example.org,1977-05-01,Fiji,44829.36
936,Ronald Jones,mevans@example.net,2001-03-16,Liechtenstein,13073.09
937,Nicole Montoya,christopherfitzgerald@example.org,1983-05-11,Finland,45358.39
938,Stephanie Wilson,knoxgregory@example.org,1998-11-04,Antarctica (the territory South of 60 deg S),37020.48
939,David Wiley,zburke@example.org,1974-05-13,Oman,8062.54
940,Richard Rodriguez,nicholasgardner@example.net,1966-10-12,South Africa,14447.25
941,Brittany Mclaughlin,bmorris@example.com,1976-09-27,Sudan,39143.15
942,Peter Newman,donaldnovak@example.org,1988-08-07,Trinidad and Tobago,29124.49
943,Samantha Roberts,davidstrickland@example.com,1951-08-19,Marshall Islands,41213.45
944,Spencer Wilkins,george69@example.org,1983-07-27,Cayman Islands,35188.86
945,John Taylor,marthasmith@example.com,1944-09-03,Martinique,28170.68
946,Peggy Miller,deniseterry@example.com,1992-02-08,Timor-Leste,30915.19
947,Tamara Sandoval,bmartinez@example.net,1947-04-24,Bouvet Island (Bouvetoya),4534.61
948,Megan Harvey,ufuller@example.org,1982-07-05,Norway,37258.62
949,Kim Jones,sandra01@example.com,1949-06-30,Ukraine,8498.24
950,David Tyler,morgansmith@example.org,2006-02-07,Netherlands,2289.92
951,Luis Barnett,russelldawson@example.net,1998-02-07,Brazil,9701.36
952,Andrea Smith,andrea56@example.net,1948-07-22,Nicaragua,13278.81
953,Julie Williams,erikfaulkner@example.com,1967-07-29,French Polynesia,38896.28
954,Grace Spencer,bryan83@example.net,2001-11-02,Chile,17343.55
955,Carol Johnson,perrybrent@example.org,1962-01-14,China,8511.17
956,Robin Huynh,mclaughlinaustin@example.net,1966-04-12,Holy See (Vatican City State),34243.24
957,Alexis Davidson,robertgarcia@example.org,1975-02-14,Brunei Darussalam,25893.9
958,Keith Christensen,earl51@example.com,1958-11-12,Gibraltar,20574.28
959,William Mathews,briannawilliams@example.com,2004-12-03,China,10982.4
960,Frank Salazar,karenrichards@example.org,1970-09-23,Cayman Islands,31167.4
961,Margaret Mcdonald,gyoung@example.com,1997-10-13,United States Minor Outlying Islands,7708.48
962,Joshua Garcia,aaron80@example.net,1959-03-08,Dominica,41741.83
963,Kathy White,mmay@example.org,1975-11-02,Slovenia,14550.3
964,Elizabeth Morales,biancastevenson@example.org,1975-01-01,India,13858.41
965,Kevin Horne,alexanderdavid@example.org,1976-11-30,Guadeloupe,13033.87
966,Sara Evans,scott11@example.org,1952-09-16,Antarctica (the territory South of 60 deg S),24061.69
967,Eric Kline,taylor60@example.com,1959-04-24,Falkland Islands (Malvinas),48020.09
968,Jason Frey,mollywilliams@example.com,1947-10-22,Moldova,5585.55
969,Jeffrey Miller,rosshenry@example.net,1977-02-10,Faroe Islands,18966.67
970,Randy Jenkins,gregory12@example.org,1982-06-14,British Indian Ocean Territory (Chagos Archipelago),19505.16
971,Kayla Contreras,jacob96@example.com,2003-06-23,Bangladesh,2069.18
972,Curtis Wu,fsalazar@example.com,1946-01-07,Thailand,38619.8
973,Maria Donovan,mmiller@example.net,2004-10-23,Palau,32815.29
974,Leslie Moses,gloria35@example.net,1998-10-18,Egypt,9218.62
975,Nicholas Barnes,amy47@example.net,1947-04-17,Bolivia,33281.66
976,Angela Johnson,beckalex@example.com,1977-07-29,Netherlands Antilles,9315.36
977,Patricia Cain,xroberts@example.com,1956-09-30,Equatorial Guinea,27787.8
978,Patrick Wu,riverakenneth@example.org,1984-07-13,Aruba,49818.74
979,Katherine Henry,cynthiashort@example.com,1989-05-18,Greenland,22541.05
980,Rodney Ortiz,lebarbara@example.org,1949-01-25,Denmark,31241.52
981,Emily Wood,jasonmendez@example.org,1960-04-09,Afghanistan,5714.38
982,Bradley Lloyd,georgewalls@example.org,1996-11-09,United States Virgin Islands,7872.81
983,Jennifer Williams,craneomar@example.com,1960-01-07,Denmark,44875.83
984,Sarah Warren,tammy34@example.org,1966-09-20,El Salvador,33503.37
985,Roberto Owen,fmartin@example.org,1972-12-08,Cape Verde,26156.97
986,Angel Davis,christina11@example.com,1961-08-05,Heard Island and McDonald Islands,4974.17
987,Joshua Lopez,garciarussell@example.com,1986-11-09,Suriname,22846.56
988,Wendy Bennett,rcooper@example.net,1973-03-16,Nigeria,12959.21
989,Julian Oliver,gregory22@example.com,1990-04-19,Colombia,16143.48
990,Brian Johnson,nicholas23@example.net,1998-08-22,Lesotho,23459.85
991,Kristi Hall,ahinton@example.org,2005-07-27,Eritrea,47382.71
992,Nancy White,xdavis@example.org,1968-04-25,Guam,8809.33
993,Ms. Mallory Carter,jacksonmichael@example.net,1974-01-28,Namibia,22216.44
994,Sheila Baker,ariel82@example.com,1961-11-23,Cape Verde,20643.64
995,Danielle Keller,nsingleton@example.com,2006-09-05,Papua New Guinea,13018.49
996,Daniel Rhodes,melindaschaefer@example.com,1965-01-19,Lebanon,40248.49
997,Mary Long,bowerstammy@example.org,1961-01-16,United States Virgin Islands,25939.17
998,Ashley Anderson,mwarren@example.com,1998-09-07,Iraq,33790.81
999,Daniel Hill,crystaladams@example.net,2001-07-19,Northern Mariana Islands,13641.07
1000,Mark Osborn,contrerasvictor@example.org,1957-02-16,Andorra,42523.16
